{"buying": {"med": {"safety": {"med": {"persons": {"4": {"maint": {"med": "acc", "vhigh": {"lug_boot": {"med": {"doors": {"4": "acc", "3": "unacc", "2": "unacc", "5more": "acc"}}, "big": "acc", "small": "unacc"}}, "low": {"lug_boot": {"med": {"doors": {"4": "good", "3": "acc", "2": "acc", "5more": "good"}}, "big": "good", "small": "acc"}}, "high": {"lug_boot": {"med": {"doors": {"4": "acc", "3": "unacc", "2": "unacc", "5more": "acc"}}, "big": "acc", "small": "unacc"}}}}, "2": "unacc", "more": {"maint": {"med": {"doors": {"4": "acc", "3": "acc", "2": {"lug_boot": {"med": "acc", "big": "acc", "small": "unacc"}}, "5more": "acc"}}, "vhigh": {"lug_boot": {"med": {"doors": {"4": "acc", "3": "acc", "2": "unacc", "5more": "acc"}}, "big": "acc", "small": "unacc"}}, "low": {"lug_boot": {"med": {"doors": {"4": "good", "3": "good", "2": "acc", "5more": "good"}}, "big": "good", "small": {"doors": {"4": "acc", "3": "acc", "2": "unacc", "5more": "acc"}}}}, "high": {"lug_boot": {"med": {"doors": {"4": "acc", "3": "acc", "2": "unacc", "5more": "acc"}}, "big": "acc", "small": "unacc"}}}}}}, "low": "unacc", "high": {"persons": {"4": {"maint": {"med": {"lug_boot": {"med": {"doors": {"4": "vgood", "3": "acc", "2": "acc", "5more": "vgood"}}, "big": "vgood", "small": "acc"}}, "vhigh": "acc", "low": {"lug_boot": {"med": {"doors": {"4": "vgood", "3": "good", "2": "good", "5more": "vgood"}}, "big": "vgood", "small": "good"}}, "high": "acc"}}, "2": "unacc", "more": {"maint": {"med": {"lug_boot": {"med": {"doors": {"4": "vgood", "3": "vgood", "2": "acc", "5more": "vgood"}}, "big": "vgood", "small": {"doors": {"4": "acc", "3": "acc", "2": "unacc", "5more": "acc"}}}}, "vhigh": {"doors": {"4": "acc", "3": "acc", "2": {"lug_boot": {"med": "acc", "big": "acc", "small": "unacc"}}, "5more": "acc"}}, "low": {"lug_boot": {"med": {"doors": {"4": "vgood", "3": "vgood", "2": "good", "5more": "vgood"}}, "big": "vgood", "small": {"doors": {"4": "good", "3": "good", "2": "unacc", "5more": "good"}}}}, "high": {"doors": {"4": "acc", "3": "acc", "2": {"lug_boot": {"med": "acc", "big": "acc", "small": "unacc"}}, "5more": "acc"}}}}}}}}, "vhigh": {"maint": {"med": {"safety": {"med": {"lug_boot": {"med": {"persons": {"4": {"doors": {"4": "acc", "3": "unacc", "2": "unacc", "5more": "acc"}}, "2": "unacc", "more": {"doors": {"4": "acc", "3": "acc", "2": "unacc", "5more": "acc"}}}}, "big": {"persons": {"4": "acc", "2": "unacc", "more": "acc"}}, "small": "unacc"}}, "low": "unacc", "high": {"persons": {"4": "acc", "2": "unacc", "more": {"doors": {"4": "acc", "3": "acc", "2": {"lug_boot": {"med": "acc", "big": "acc", "small": "unacc"}}, "5more": "acc"}}}}}}, "vhigh": "unacc", "low": {"safety": {"med": {"lug_boot": {"med": {"persons": {"4": {"doors": {"4": "acc", "3": "unacc", "2": "unacc", "5more": "acc"}}, "2": "unacc", "more": {"doors": {"4": "acc", "3": "acc", "2": "unacc", "5more": "acc"}}}}, "big": {"persons": {"4": "acc", "2": "unacc", "more": "acc"}}, "small": "unacc"}}, "low": "unacc", "high": {"persons": {"4": "acc", "2": "unacc", "more": {"doors": {"4": "acc", "3": "acc", "2": {"lug_boot": {"med": "acc", "big": "acc", "small": "unacc"}}, "5more": "acc"}}}}}}, "high": "unacc"}}, "low": {"safety": {"med": {"persons": {"4": {"maint": {"med": {"lug_boot": {"med": {"doors": {"4": "good", "3": "acc", "2": "acc", "5more": "good"}}, "big": "good", "small": "acc"}}, "vhigh": {"lug_boot": {"med": {"doors": {"4": "acc", "3": "unacc", "2": "unacc", "5more": "acc"}}, "big": "acc", "small": "unacc"}}, "low": {"lug_boot": {"med": {"doors": {"4": "good", "3": "acc", "2": "acc", "5more": "good"}}, "big": "good", "small": "acc"}}, "high": "acc"}}, "2": "unacc", "more": {"maint": {"med": {"lug_boot": {"med": {"doors": {"4": "good", "3": "good", "2": "acc", "5more": "good"}}, "big": "good", "small": {"doors": {"4": "acc", "3": "acc", "2": "unacc", "5more": "acc"}}}}, "vhigh": {"lug_boot": {"med": {"doors": {"4": "acc", "3": "acc", "2": "unacc", "5more": "acc"}}, "big": "acc", "small": "unacc"}}, "low": {"lug_boot": {"med": {"doors": {"4": "good", "3": "good", "2": "acc", "5more": "good"}}, "big": "good", "small": {"doors": {"4": "acc", "3": "acc", "2": "unacc", "5more": "acc"}}}}, "high": {"doors": {"4": "acc", "3": "acc", "2": {"lug_boot": {"med": "acc", "big": "acc", "small": "unacc"}}, "5more": "acc"}}}}}}, "low": "unacc", "high": {"persons": {"4": {"maint": {"med": {"lug_boot": {"med": {"doors": {"4": "vgood", "3": "good", "2": "good", "5more": "vgood"}}, "big": "vgood", "small": "good"}}, "vhigh": "acc", "low": {"lug_boot": {"med": {"doors": {"4": "vgood", "3": "good", "2": "good", "5more": "vgood"}}, "big": "vgood", "small": "good"}}, "high": {"lug_boot": {"med": {"doors": {"4": "vgood", "3": "acc", "2": "acc", "5more": "vgood"}}, "big": "vgood", "small": "acc"}}}}, "2": "unacc", "more": {"maint": {"med": {"lug_boot": {"med": {"doors": {"4": "vgood", "3": "vgood", "2": "good", "5more": "vgood"}}, "big": "vgood", "small": {"doors": {"4": "good", "3": "good", "2": "unacc", "5more": "good"}}}}, "vhigh": {"doors": {"4": "acc", "3": "acc", "2": {"lug_boot": {"med": "acc", "big": "acc", "small": "unacc"}}, "5more": "acc"}}, "low": {"lug_boot": {"med": {"doors": {"4": "vgood", "3": "vgood", "2": "good", "5more": "vgood"}}, "big": "vgood", "small": {"doors": {"4": "good", "3": "good", "2": "unacc", "5more": "good"}}}}, "high": {"lug_boot": {"med": {"doors": {"4": "vgood", "3": "vgood", "2": "acc", "5more": "vgood"}}, "big": "vgood", "small": {"doors": {"4": "acc", "3": "acc", "2": "unacc", "5more": "acc"}}}}}}}}}}, "high": {"safety": {"med": {"lug_boot": {"med": {"persons": {"4": {"doors": {"4": {"maint": {"med": "acc", "vhigh": "unacc", "low": "acc", "high": "acc"}}, "3": "unacc", "2": "unacc", "5more": {"maint": {"med": "acc", "vhigh": "unacc", "low": "acc", "high": "acc"}}}}, "2": "unacc", "more": {"maint": {"med": {"doors": {"4": "acc", "3": "acc", "2": "unacc", "5more": "acc"}}, "vhigh": "unacc", "low": {"doors": {"4": "acc", "3": "acc", "2": "unacc", "5more": "acc"}}, "high": {"doors": {"4": "acc", "3": "acc", "2": "unacc", "5more": "acc"}}}}}}, "big": {"persons": {"4": {"maint": {"med": "acc", "vhigh": "unacc", "low": "acc", "high": "acc"}}, "2": "unacc", "more": {"maint": {"med": "acc", "vhigh": "unacc", "low": "acc", "high": "acc"}}}}, "small": "unacc"}}, "low": "unacc", "high": {"persons": {"4": {"maint": {"med": "acc", "vhigh": "unacc", "low": "acc", "high": "acc"}}, "2": "unacc", "more": {"maint": {"med": {"doors": {"4": "acc", "3": "acc", "2": {"lug_boot": {"med": "acc", "big": "acc", "small": "unacc"}}, "5more": "acc"}}, "vhigh": "unacc", "low": {"doors": {"4": "acc", "3": "acc", "2": {"lug_boot": {"med": "acc", "big": "acc", "small": "unacc"}}, "5more": "acc"}}, "high": {"doors": {"4": "acc", "3": "acc", "2": {"lug_boot": {"med": "acc", "big": "acc", "small": "unacc"}}, "5more": "acc"}}}}}}}}}}